email,filial_id,reg_timestamp,orders_last_month,payment_sum
9Stephens@Skyndu.edu,2,1423187182923224500,10,4369.54
sAnderson@Voonte.info,2,1448387871576446134,15,7036.54
gLong@Realbridge.name,1,1456440026480054153,11,6722.10
aut_laborum_labore@Tagopia.gov,1,1464015818743284313,6,2766.94
oCole@Voonix.net,2,1422085740234938730,3,3886.81
MildredFrazier@Myworks.org,2,1458160876943818068,4,3289.54
VirginiaRiley@Wordify.com,1,1451813063341465125,5,2544.79
yBurns@Photobug.gov,1,1408435107244188104,5,5273.45
HeatherBaker@Kanoodle.gov,1,1429190275842310951,10,8308.48
EricEdwards@Realpoint.gov,2,1428485858080446861,7,6995.26
9Andrews@Skyba.net,1,1407673379708543670,7,7687.41
hHunter@Geba.name,1,1443203028600334675,8,6965.24
nMartin@Voomm.info,2,1448387574975879280,3,2709.19
KathrynFowler@Wikivu.edu,2,1442286905186463451,3,1943.91
aperiam_atque@Buzzshare.net,2,1444704050043500982,1,272.55
oWillis@Demimbu.mil,2,1442980328511990797,7,3996.69
minima_quia_quibusdam@Meevee.info,2,1411569685333915336,10,7529.68
ScottSanchez@Edgeclub.mil,2,1448318051099144789,1,677.81
7Graham@Yamia.org,1,1412377574897965291,10,7839.64
eGarrett@Shuffletag.edu,1,1435202287396375809,5,3175.78
et_laboriosam@Kimia.biz,2,1422264673096179717,2,1746.52
enim_ullam_maxime@Edgeblab.net,1,1407552079455151994,12,10261.26
ShawnGutierrez@Wordify.biz,2,1405626193344023315,12,8713.91
jKelly@Centidel.name,1,1461903080667582638,4,4070.07
voluptas_porro_est@Oyoloo.org,2,1450795471187334688,7,5992.93
fAndrews@Eare.org,2,1408035354543627034,7,3600.74
8Martinez@Riffpath.com,2,1406504875937241294,1,784.62
AnnParker@Skimia.edu,2,1441357873422599218,2,1887.83
0Watson@Browsecat.edu,1,1433877454386635093,3,2126.09
5Harrison@Photobug.edu,2,1423326434119866487,8,9363.40
PhillipNguyen@Devbug.gov,1,1437883403921012717,3,2634.92
CarolWillis@Gabtune.name,1,1446862399400258488,7,4550.87
mBennett@BlogXS.net,1,1429902681228935504,2,1854.47
qui@Tambee.info,2,1426127334161528737,8,5168.05
autem_porro@Devpoint.org,2,1436284626450093667,5,736.58
id_similique_officia@Twimbo.edu,1,1433558327873055087,4,601.39
vMendoza@Eazzy.com,1,1428242249514533111,1,1075.22
AnnaRamos@Skaboo.biz,1,1424771109331418274,5,4290.85
illo_illum@Thoughtblab.info,2,1426822321198161754,9,4677.69
JulieVasquez@Ntags.org,2,1402984228795546527,7,9153.53
JonathanMorales@Zazio.mil,1,1437046061600847114,1,821.11
RobertRyan@Dynazzy.name,2,1467267376732448765,4,4998.81
voluptatibus_ex_dolor@Skinder.biz,1,1405818855957359582,3,1420.82
CarlosMeyer@Dabfeed.mil,1,1425296328106877081,9,5949.36
0Black@Minyx.net,1,1452673383012420857,2,1176.31
lJordan@Flashpoint.name,1,1446283019334919666,19,23466.74
6Black@Tazz.gov,1,1451857768424337364,2,1758.22
BobbyBradley@Rhycero.edu,1,1461581678341235673,13,14724.47
JaneSimpson@Feedfish.edu,1,1469401974687833838,6,3880.01
AliceRogers@Linktype.com,2,1408015708834570997,2,1632.18
uMccoy@Buzzshare.name,1,1450380401964640190,0,0.00
JimmyHoward@Quatz.name,2,1457100446384144583,5,5168.30
bPhillips@Mynte.gov,2,1410593993111879528,7,6059.71
TammyRyan@Zoozzy.info,2,1467873079216074033,3,831.32
optio@Fatz.org,2,1435402650965355521,1,797.54
quasi_esse_omnis@Quatz.gov,1,1462151063399029788,7,4025.53
JosephRomero@Roombo.com,2,1417515667945691292,12,8160.91
1Austin@Flipbug.net,2,1457706995566524110,8,8477.30
BettyCastillo@Jabberstorm.info,1,1434614181022089585,10,2313.25
quia_aut_assumenda@Riffpath.gov,2,1434034680194835019,1,877.62
0Morrison@Mydo.gov,2,1404698491398823503,0,0.00
corrupti_amet@Cogibox.net,1,1434644201483940041,13,11319.52
DonaldJackson@Yakidoo.net,1,1418844886974419542,3,1923.72
a_suscipit_voluptas@Oloo.mil,2,1456256386138779305,0,0.00
recusandae_dolore@Eimbee.net,2,1443702822971798097,2,1370.46
repellendus@Voolia.biz,2,1405348191771169069,14,8990.03
voluptates@Skynoodle.mil,1,1422453307913406670,5,3574.38
necessitatibus@Quimm.mil,1,1443027845262346420,10,12911.46
JudithBerry@Gabcube.gov,1,1421340238910084022,5,2663.98
dicta_praesentium_voluptatem@Tanoodle.com,1,1429225341770451047,5,1949.27
quia_error_expedita@Tagchat.biz,2,1430057370702190558,1,806.10
BrandonCole@Trudoo.biz,1,1425031509607283774,15,11239.48
quidem@Twitterbeat.info,2,1408358986991083612,1,938.38
LoisColeman@Rhyzio.mil,2,1466639356265160647,10,6665.95
sunt_exercitationem_laborum@Shuffledrive.gov,2,1426830836335828228,5,5153.54
animi@Tekfly.edu,2,1431270682222044264,6,2638.56
assumenda@Kaymbo.net,1,1453793032797242352,3,3481.29
excepturi_ut_occaecati@Realpoint.biz,1,1424223494576654906,4,2552.15
et_inventore@Riffwire.com,2,1442871636841126428,11,1978.41
cStevens@Yacero.gov,2,1401719305404944121,5,2546.62
vitae_non@Abata.info,2,1454597863177531620,2,2054.87
hFrazier@Gabcube.edu,1,1434698011617048483,2,1205.27
zLee@Jaxspan.mil,2,1453782455589865214,4,1486.71
iMatthews@Skyble.gov,2,1438118354901360250,12,5307.87
molestias_et_non@Feedfire.edu,1,1449667155398725013,9,4959.74
AlbertGilbert@Devify.gov,1,1439473860577129928,2,1169.54
ut_ab_eveniet@Rhynyx.name,2,1463495772535245286,4,902.04
rBennett@Thoughtstorm.info,2,1407174089932608459,10,12839.45
aperiam_quam@Zoozzy.name,1,1470375169392230918,1,595.90
non_a@Gabvine.biz,2,1464626568504637524,2,1945.66
kHolmes@Rhyzio.info,2,1421976826397632267,13,14225.36
LoriAllen@Demimbu.org,1,1436687065382130240,14,11275.85
7Dunn@Youspan.com,1,1403346854632402323,7,5231.18
KellyOwens@Zoombeat.biz,2,1410750374968984611,2,642.83
maxime_excepturi@Jazzy.mil,2,1411120314276005455,3,3198.23
qLane@Agimba.net,2,1439183073862735889,5,4678.18
rWilliams@Yamia.mil,1,1415461541645843907,15,19265.73
DianeButler@Jabbertype.net,2,1405786611090998202,13,10337.68
odit_ut_temporibus@Oloo.biz,1,1402682552145597392,9,5300.48
oHughes@Plajo.net,1,1469783275912939131,6,4951.56
NormaReyes@Zoonoodle.info,2,1442086963886205345,0,0.00
RichardBrown@Edgeblab.org,1,1454620796096552307,3,1807.78
tenetur@Dabshots.org,2,1420205222642696624,4,3565.37
iRoss@Podcat.name,1,1401760335144778880,10,4510.02
aliquid_mollitia@Divape.edu,2,1432926701619105154,11,8597.19
et_sint_incidunt@JumpXS.name,1,1450364317509990586,0,0.00
mBennett@Jaxworks.org,2,1448775698212777704,6,6219.04
vel@Blognation.biz,1,1450773488648004234,4,3390.27
molestiae_totam_rerum@Feedfire.edu,2,1441338581335514745,2,1500.40
AngelaRice@Dabtype.mil,1,1450880076734321203,1,1247.85
RachelLynch@Quimba.net,1,1434741460419656631,12,11965.65
0Barnes@Zooveo.org,1,1416764355242593921,4,3296.98
zKing@Brightbean.gov,1,1443203035474830849,13,13387.83
enim_sapiente@Topicware.net,2,1450060998395274599,11,8348.81
aut@Topicshots.name,1,1457371193515250679,7,7039.31
pariatur_vitae@Photobug.name,1,1422668581272845927,7,5484.02
est_expedita@Edgeify.gov,2,1407029929883423568,8,7458.97
sPowell@Topicstorm.biz,2,1421836338696094117,12,10310.31
numquam@Brainlounge.org,1,1460521235957999490,11,15532.67
wKelley@Wordpedia.gov,1,1466175634873476596,8,1405.04
AndreaFoster@Roombo.info,2,1464542299633039775,12,6657.91
ut_magnam@Centizu.mil,2,1437769042727866665,7,2677.03
alias_unde_sit@Edgeblab.gov,2,1458371232357950955,0,0.00
AaronFerguson@Kamba.com,2,1453004423201338967,4,1563.70
ChristopherFoster@Skinix.net,2,1470248983984099283,3,2409.83
FrancesGeorge@Chatterbridge.com,2,1456582057199601736,9,8504.90
JosephRobinson@Flashspan.gov,1,1427757845751052708,4,3034.01
AnnDay@Youspan.net,2,1443591176849177615,12,5031.55
5Watson@Quimba.mil,1,1401967021868160539,9,440.95
RoyPeters@Bubblemix.name,1,1402022139272132324,10,9943.74
1Ford@Devcast.mil,2,1453796362945366018,6,2816.93
jGarrett@Mymm.com,2,1416976598881480753,6,3507.67
JuanHughes@Leenti.com,2,1449759201201161235,4,2590.63
7Nichols@Meevee.name,1,1460414905917084668,10,7360.23
pTucker@Ainyx.net,1,1466061398059914359,4,3609.51
tBlack@Edgewire.biz,1,1402244808632153022,10,6168.84
voluptas@Wikizz.net,1,1448994739171922973,3,1353.49
voluptate_ipsum_commodi@Pixonyx.org,2,1421330707194983791,2,200.55
KeithRodriguez@Yata.info,2,1429502277179948447,7,2292.81
3Freeman@Riffpath.info,1,1436663792087497996,4,3286.09
ut_numquam_consequuntur@Omba.org,1,1451343723377745015,1,609.38
JoanMoreno@Twitterworks.net,2,1438659059398409661,10,4214.23
PaulaCox@Vidoo.biz,1,1446150999377399721,14,10123.23
ea@Chatterbridge.gov,1,1456480130432395696,0,0.00
tMurray@Abatz.biz,2,1417750830384335756,0,0.00
DonaldDavis@Voonyx.biz,2,1431129556829602176,4,2206.15
PaulaBowman@Buzzbean.net,2,1403525019422455622,1,624.15
LauraRice@Demimbu.com,2,1403194642861085553,5,5800.58
KellyGriffin@Zoomzone.mil,1,1409310623520063340,6,5625.59
AntonioArmstrong@Mycat.mil,1,1415256926179482917,13,3065.32
ut@Twitternation.mil,2,1445418815161101428,9,5430.35
nostrum_vel@Edgetag.edu,2,1422049894666583599,8,6791.49
MarieLane@Edgeblab.info,2,1421977286982791609,5,3335.91
quam_amet_aut@Devbug.com,1,1424969126880923301,3,1947.99
et@Vipe.com,2,1453038509430221124,13,11710.29
soluta_sit_autem@Skaboo.biz,1,1427222270339798470,7,2282.57
cHowell@Eayo.name,1,1417588964412250870,15,12794.49
2Price@Fivebridge.edu,2,1435871890297050621,11,12872.05
SandraHart@Buzzshare.org,1,1431046289439390048,5,3695.04
impedit@Myworks.info,2,1437437780964150928,5,8110.65
AnnaBishop@Dynabox.edu,1,1422533104691403980,3,3395.92
sed_sit_ipsa@Aivee.com,2,1453214464424149930,11,12051.37
tFerguson@Demimbu.com,2,1450208446077570525,12,8938.89
wAustin@Talane.net,1,1434976907641286009,2,2553.51
earum_eius_sunt@Ailane.gov,1,1439554813781067466,3,2443.42
cupiditate_libero_laudantium@Fadeo.biz,2,1432033336310400056,14,20797.56
hStewart@Oyoyo.name,2,1415326287394019402,10,8799.31
quos_a_qui@Wikizz.name,2,1411921241031127928,6,8182.30
RonaldFowler@Babbleblab.biz,1,1429134018293783695,7,5189.98
ab@Kwinu.biz,1,1422749189254335615,6,5853.22
wKennedy@Feedmix.edu,2,1417315984203726909,8,10486.20
distinctio_aspernatur_voluptatum@Meedoo.edu,2,1422830763018198882,10,10882.85
KatherineMorgan@Dynabox.net,1,1409215769243648307,10,7634.08
porro_magni@Skipfire.net,1,1463127509851381003,2,686.91
jVasquez@Kwimbee.biz,2,1426874869317691596,4,2508.07
similique_autem@Jabberbean.org,2,1469776863227836776,11,8515.03
DebraTaylor@Voonder.gov,2,1428658525052606583,10,6612.84
lWebb@Yabox.net,2,1415009293981696284,9,4814.96
gRyan@Mydeo.name,2,1412136400766293902,1,1212.51
asperiores_quisquam_vel@Eadel.info,1,1461189994219641955,2,2289.86
vStewart@Twiyo.biz,2,1468188884941981972,2,2037.41
ErnestJohnson@Oozz.net,2,1402968615999466709,5,2631.84
voluptates_esse@Yacero.biz,2,1468372926716486911,1,278.84
ut_ducimus@Zoomcast.net,1,1430231661248443720,5,7067.28
possimus@Dynava.net,2,1417931052437616009,1,587.49
LouisYoung@Yabox.mil,1,1421639045481332588,8,5862.69
tempore_ipsa@Realbridge.name,1,1432716704080823125,2,2459.90
HowardSmith@Blogspan.mil,2,1412308287534101256,3,2082.99
2Rivera@Flashspan.name,2,1439767748899914623,13,9124.08
pHenry@Zava.edu,1,1441896947794500134,5,5943.95
mAnderson@Tambee.name,1,1422412229711862500,6,9597.29
2Price@Dabshots.org,1,1425126023956569784,2,1350.43
voluptatem_deleniti_eveniet@Thoughtblab.gov,2,1433283799072884174,9,6947.85
JuliaKim@Skilith.com,2,1456570690078515717,0,0.00
error_commodi_similique@Devshare.mil,2,1413395479126017800,3,1849.21
eShaw@Kwideo.mil,1,1423691296619015027,3,2548.15
4Anderson@Realmix.com,2,1461165691627493465,5,2663.14
6Montgomery@Trunyx.net,1,1407394259399961700,1,899.16
cHunt@Kayveo.gov,1,1465713456034625531,2,1772.04
7Wallace@Realcube.biz,2,1455764229332318684,11,13207.47
quae_cum@Skyble.edu,1,1432351033238009249,1,670.53
JenniferMoreno@Bubbletube.name,2,1456862746466443741,8,6800.57
eum@Quinu.gov,1,1427160554064053158,1,1027.32
laboriosam_optio@Wikido.mil,2,1452314509760374319,0,0.00
NancySanders@Thoughtstorm.com,2,1409102670835079232,8,6776.30
HowardColeman@Kimia.mil,1,1429044422708110885,3,2084.56
aut@Feedfish.mil,2,1430387754430314756,1,767.69
JeremyRyan@Eare.net,1,1436902073167123288,6,2910.41
HelenCarroll@Gigazoom.edu,2,1416907418298185889,7,10084.19
VictorGeorge@Quire.name,2,1402945028694980834,2,2045.90
BenjaminJenkins@Brainverse.gov,1,1449145860712158063,11,10001.38
mPrice@Jabbersphere.info,1,1461968622252856315,7,7374.69
iSpencer@Eamia.org,2,1451050121858514075,2,1642.98
et@Skyba.net,1,1403524649830220399,1,567.83
BenjaminBurns@Aimbu.info,1,1418202536295957770,10,11979.25
AmyFlores@Youspan.info,1,1417387395178845777,4,2901.76
numquam@Photojam.org,1,1409700044537312238,3,2184.50
ut_minus_dolore@Fatz.edu,2,1462410560914804419,8,8317.66
modi_ad_ducimus@Buzzdog.gov,2,1451225717583969558,9,7271.19
AnneHansen@Oyonder.org,1,1415938525356414405,6,4522.41
hic_beatae@Dynazzy.org,2,1416775442360308772,0,0.00
AshleyCarpenter@Yakitri.org,2,1460765183916569778,7,7265.17
TimothyWard@Eire.edu,2,1422873047969883101,5,2661.76
1Burke@Babbleopia.com,2,1402035447650052855,2,2241.74
nHenry@Brainlounge.info,1,1406464389015308378,1,827.86
KeithGarza@Jaxworks.name,2,1462249630513997236,2,1970.02
nihil_qui@Ntag.biz,2,1448995321977741306,8,6088.73
ElizabethFowler@Yoveo.gov,2,1433074042508107095,5,1672.83
SarahWilliamson@Buzzshare.gov,2,1431864763011073773,8,6642.64
dolores_ducimus_explicabo@Skipfire.biz,1,1419489272368412731,8,8442.87
facilis_eos@Cogidoo.info,2,1451911634001376591,1,646.96
iOlson@Realcube.info,2,1459392581246824589,9,9599.01
consequuntur_qui@Livefish.edu,1,1413940683117720777,6,4232.06
yHenderson@Brightbean.name,2,1413566012764481057,0,0.00
0Hunter@Realmix.mil,1,1434366311201079196,3,2152.50
8Gardner@Mycat.org,2,1426941386036104254,7,7135.68
JamesHarris@Zoomzone.biz,2,1434380760031654086,4,3654.13
VirginiaRoberts@Thoughtsphere.gov,1,1420959392383175755,1,782.16
esse_tenetur@Ainyx.com,1,1422683099114995848,1,479.34
AnnaPeterson@Yodel.edu,2,1446674592234309597,5,5110.59
oGriffin@Oba.mil,2,1463370306778469079,0,0.00
eos_aliquid@Thoughtstorm.org,2,1464036385266683743,11,12914.15
LisaWilliamson@Tagtune.mil,1,1431343033886546804,15,15856.70
RichardWhite@Twitterwire.org,1,1428749090872389179,3,3546.02
lHall@Gabtype.name,2,1402324826394793538,6,5500.02
aTaylor@Dabtype.edu,1,1443670396314016585,16,12676.37
oWatson@Lazz.name,2,1422011232155655572,9,7691.89
qGeorge@Photolist.name,2,1439472040919251839,11,12831.37
JerryPatterson@Ntag.name,2,1445223075125282216,12,14738.67
AnnaOlson@Thoughtbeat.mil,2,1458583126752589741,10,4843.44
MichaelOliver@Realmix.mil,1,1463327428323537534,13,10009.14
ex_dolores@Rhybox.edu,2,1410243726892094847,11,14249.22
aut_in@Photobean.mil,1,1463030949934945538,3,3554.88
aperiam@Mybuzz.org,1,1420066002795908920,9,7612.43
quis_nisi_iure@Devshare.info,1,1462386089171988233,7,9394.31
KellyWalker@Skalith.biz,2,1406293432607090268,7,4427.97
perferendis_et@Twinder.gov,1,1419564074822538912,7,3621.69
gKennedy@Skynoodle.mil,1,1464344235530950305,8,6393.77
AmandaCarter@Yotz.name,1,1459381298130899640,2,2130.22
cGriffin@Pixonyx.mil,2,1461971627877406868,4,3524.29
JosephRussell@Livepath.info,1,1408797440842547434,9,6890.74
qui@Brainlounge.net,2,1436361541248246658,7,5791.14
BeverlyHart@Topicstorm.biz,1,1405063445532198409,6,1315.46
ut@Flashspan.net,1,1458595453685169997,4,2372.70
quaerat@Snaptags.name,1,1439944818322705764,6,8152.75
sBowman@Tambee.name,1,1411092145279355467,6,5522.65
jCook@Tazz.edu,1,1419738522605783086,3,2204.65
quos_dolores@Dynava.gov,1,1424613369956471405,3,1246.83
StevenWard@Plajo.org,1,1430199177395971893,0,0.00
BobbyNelson@Eimbee.edu,1,1417055654540288320,4,4519.64
et@Skajo.com,1,1428384118534447277,6,2993.63
AlanAdams@Ntag.org,1,1442194415034870892,7,3136.69
rMorrison@Lajo.net,2,1440746450617825854,3,1703.57
JohnHanson@Edgepulse.org,1,1418260371549898854,5,6868.83
StephenReynolds@Ooba.gov,1,1408428638436099632,7,7211.16
jRichardson@Jaxbean.edu,2,1445761014289838383,5,5303.17
hFreeman@Skalith.edu,2,1435592943332255772,7,5258.74
PeterCruz@Kwimbee.name,1,1452964558923201940,6,4646.71
sJordan@Trudeo.info,1,1462288108794289978,4,3764.54
aRay@Thoughtmix.net,2,1443038288504271327,8,2858.31
CarlosAndrews@Edgeify.net,2,1436112446343634858,3,2284.71
JonathanCastillo@Livefish.com,1,1423927033547721466,9,5320.97
bPierce@Linktype.org,2,1429360456232861737,2,1347.55
hRodriguez@Photobean.net,1,1430623786866039376,8,6521.47
tMartinez@Mycat.name,2,1429299219521003787,4,2834.92
ex_mollitia_sint@Thoughtstorm.name,1,1450839239091738190,10,6721.66
WilliamWheeler@Skipfire.mil,2,1440919798257055079,2,1694.21
quidem_ab@Voonte.net,1,1469299220963539207,4,4320.80
CraigJordan@Flashpoint.gov,1,1409172018449761099,2,1014.86
debitis@Tagtune.org,2,1417946703882145191,6,6800.89
atque@Nlounge.info,1,1444307474389987404,10,6088.73
similique_voluptatibus@Latz.biz,1,1452852230270019198,5,2731.22
ClarenceLane@Meevee.org,2,1452804141606727839,6,3681.85
jDuncan@Meetz.edu,1,1447588119907287983,5,4892.84
LawrenceArmstrong@Skimia.gov,2,1415488404120585592,1,791.53
qStewart@Yotz.org,2,1467154688662980101,2,2158.22
zHamilton@Babblestorm.edu,2,1424250245801823976,1,846.19
pCarr@Kwimbee.com,2,1434219132090378359,7,8465.58
JeffreyRobinson@Zoomdog.biz,1,1412857796783594332,6,6005.39
RebeccaGordon@Devcast.name,2,1453634609346183462,7,9210.76
bBurton@Janyx.mil,2,1424593125471197589,4,2756.34
ElizabethCrawford@Twitterworks.gov,1,1460401500831686093,3,2350.85
JudyLawrence@Twimm.name,1,1465133224397649067,3,2646.02
PatrickMeyer@Yacero.info,2,1440638317390141419,9,7653.56
wFranklin@Eayo.biz,2,1407744527239257262,5,2292.86
WillieBell@Thoughtmix.net,2,1446509098869839793,1,948.61
velit@Jayo.biz,1,1417376710130864336,8,7029.59
aSanders@Plajo.name,2,1465488876932261216,10,5281.17
officiis_neque@Edgewire.gov,1,1402078075775479039,10,10115.41
velit_autem_rerum@Wikivu.mil,2,1412948364432993452,0,0.00
RubyFreeman@Meevee.info,2,1422342048693167335,3,3905.03
ut_fugit_sit@Twitterwire.com,1,1427400937404730917,3,1044.39
JoanJohnston@Kare.info,1,1424529066121013681,12,12316.46
hFoster@Rhyloo.org,1,1415640283153239442,14,12725.75
ChristinaBishop@Fiveclub.edu,2,1431371497085575970,2,1390.52
dHenderson@Blogtag.info,1,1442763661358690309,6,4010.55
et_delectus_exercitationem@Dabvine.net,1,1436989287438440649,3,1263.32
totam@Tazz.net,2,1442123562171165702,7,9554.99
tempore_ratione_labore@Dynava.name,2,1457023715213456502,4,2500.97
5Ramos@Buzzster.edu,1,1468640236301351290,3,2546.28
8Little@Eadel.org,1,1424633419189191814,1,1362.89
5Perkins@Oodoo.biz,1,1460523132706847310,8,8897.98
modi@LiveZ.net,1,1402868572639012748,9,8566.20
PeterLee@Kayveo.gov,2,1411107863009602967,1,881.88
dignissimos_similique_libero@Quimba.com,2,1421742216467562485,10,13706.81
JonathanCarter@Jamia.info,2,1443800658917320070,7,7215.43
9Morrison@Rhynyx.name,1,1418683032029555126,2,1763.16
enim@Vinder.org,2,1416471700713821232,13,6754.94
GloriaRodriguez@JumpXS.gov,2,1406011451505451865,5,1271.40
cWilliamson@Pixope.biz,1,1434578137321754621,13,7188.24
CarolynWebb@Skynoodle.net,1,1456878651356867560,4,2717.62
vitae_id_officia@Ainyx.info,2,1446077851068284703,5,4807.58
MildredLawrence@Brainsphere.mil,2,1458161640557271867,12,13514.21
HarryTucker@Cogilith.gov,1,1408703900646347328,1,486.19
qAnderson@Feedfire.info,1,1419368811981010886,3,1171.23
aut@Gigabox.biz,1,1438910040957822459,6,5247.92
quisquam_aperiam@Yoveo.org,1,1401838844335466677,7,7548.52
ut_quia@Blogtag.mil,2,1402111187444027408,12,9459.78
DeniseDunn@Aimbu.info,1,1415647955881778005,9,8818.02
debitis_vel_est@Meeveo.info,2,1461747266871611566,7,5735.01
qRay@Voonix.info,1,1434492303033067479,1,1002.57
EricDiaz@Yoveo.org,2,1453452582533065957,5,4778.59
BonnieTaylor@Jatri.name,2,1418736697734145008,2,626.66
KathleenAnderson@Thoughtblab.info,2,1456392549497487231,1,1474.33
JoseWheeler@Dynabox.info,2,1421485998248920490,14,14063.08
JudithBennett@Skinder.net,2,1417053497212395197,6,4948.50
nisi_facilis_asperiores@Lazz.name,2,1462005752587457923,5,6141.25
pGordon@Flipstorm.mil,2,1428184111614568577,5,1523.61
FrancesBell@Dazzlesphere.biz,1,1468340981290723271,7,2842.47
5Peterson@Mynte.gov,1,1428193019026227315,1,1279.33
oRussell@Feedspan.gov,2,1403574350170437863,13,17560.76
JanicePrice@Thoughtsphere.org,1,1462832016287038230,0,0.00
jBarnes@Roomm.gov,2,1452359447154994441,5,3395.50
distinctio_ut@Jaxnation.gov,1,1454408586320804429,12,8236.50
MichaelCooper@Vitz.biz,2,1456119393660611317,2,1853.44
nihil@Twimm.net,2,1424864282341211591,3,2655.51
fugiat_aliquid@Realfire.info,1,1468763749608701734,0,0.00
rerum@Thoughtblab.info,1,1457028994340010705,10,7945.04
dolore_sed@Shufflester.gov,1,1455321578684437366,4,3043.56
yArmstrong@Topicshots.net,2,1465745153111506011,5,4001.51
dHoward@Omba.mil,2,1432078646854762292,10,2726.53
BeverlyRay@Skimia.gov,1,1403429158821763878,8,9705.17
quis_doloribus@Brightbean.net,2,1430801922932028336,5,5517.41
quia@Teklist.com,1,1466410542288507419,11,10469.57
JenniferNguyen@Ozu.edu,1,1441236775166143944,7,2756.74
RobinWilson@Kazio.com,1,1425735992324787651,12,4018.17
voluptatem_eaque_tempora@Blogtags.info,1,1454101657464785676,4,3166.53
hGrant@Twinder.biz,1,1402926670306102231,6,83.64
qMorales@Quamba.edu,1,1419806971948717618,13,12177.42
ScottReynolds@Browsecat.name,2,1412083874345935503,2,2008.20
consequatur@Eire.gov,1,1436803114564131375,9,772.65
8Bowman@Fivespan.name,2,1413670794640195671,12,3445.27
JimmyYoung@Meevee.name,2,1436005576698566347,10,9843.81
yMeyer@Ntag.gov,1,1442379111808110416,3,3354.96
qui_ut@Chatterpoint.gov,2,1443992707861386076,4,1964.49
PaulaKelly@Fliptune.com,2,1468754784797861932,1,863.79
similique@Flashpoint.net,2,1455766165689832129,9,7801.91
9Garrett@Yambee.net,2,1435732008937969481,5,4228.51
dolor_illo@Eadel.edu,2,1426186552561485489,4,2337.35
JackLopez@Livetube.com,2,1408855107470093576,1,1182.01
uJohnston@Twitterlist.mil,1,1408472458113977679,5,4574.50
9Griffin@Realfire.com,1,1442397999664307762,1,755.37
hBoyd@Wordware.edu,1,1419062905241313200,8,7999.99
0Ford@Thoughtbridge.com,2,1465787503310916549,1,1158.00
JeremyPatterson@Skipstorm.org,2,1404799689480539206,3,2504.14
ChristopherBurke@Edgeclub.biz,2,1415643153343437091,6,5033.62
hMason@Zoombox.mil,2,1412320487885185951,7,752.02
FredMorgan@Thoughtstorm.info,2,1406011812588346618,1,783.07
uBaker@Gigaclub.gov,2,1442743438295946392,2,268.30
SaraButler@Fadeo.gov,2,1426587549577545417,9,10714.44
dignissimos_voluptas_ipsam@Flashspan.name,1,1425732960824592875,10,10027.39
DeborahGraham@Vitz.edu,2,1410420640023618669,6,6858.20
StephanieJacobs@Oyonder.edu,2,1449850638520459664,2,803.06
CatherineBryant@Aimbu.name,1,1424696490048157166,10,7903.76
iHolmes@Skajo.mil,1,1411240405937986995,3,2346.89
JoeDixon@Lazzy.net,1,1442818447938028151,10,9926.20
rRobinson@Devify.com,1,1424828653889631276,4,3634.74
HelenWright@Feednation.org,1,1443464680765717314,0,0.00
necessitatibus_qui@Skiptube.gov,2,1462607638151017234,4,2854.74
suscipit_laboriosam_quos@Trilith.net,2,1448876532790899540,2,1897.28
officiis_et_ratione@Shufflester.net,2,1427934067783918047,5,2429.71
porro_fugit_ut@Skyndu.org,1,1408398845659182872,1,586.03
vWilliamson@Photobug.name,1,1404911169822093562,9,7077.11
eius_porro@Youspan.mil,1,1413020421491720148,9,12475.15
StephenTaylor@Linkbridge.net,2,1411552639320524875,5,3093.37
ut_velit_impedit@Meevee.net,2,1403461488239691137,15,14904.51
asperiores_sit_voluptates@Shufflebeat.net,2,1447944566707810545,1,929.18
uPalmer@Flashset.name,2,1470415174067559753,2,447.28
expedita_sapiente_ut@Realbuzz.edu,2,1444855108162143052,5,1525.17
quos_ipsam@Oyoba.org,1,1410536838318279520,3,1845.86
magni_maxime@Pixoboo.org,1,1464281181549124066,7,7226.69
xEllis@Meeveo.mil,1,1424946436512744366,5,2963.08
MarilynReid@Talane.mil,2,1463485779096542547,11,7087.06
VirginiaMiller@Gigaclub.info,2,1455982690598805154,3,3571.14
uTucker@Buzzbean.org,2,1403735976826736795,8,3912.72
KathyMendoza@Thoughtbridge.mil,1,1427400729877127989,0,0.00
ChristopherBlack@Katz.edu,2,1466867056898167861,1,1042.08
vero@Babbleset.edu,2,1406457460075943029,6,2709.84
et_dolor@Voonyx.com,2,1437946158034452545,6,6041.27
HaroldLopez@Flashspan.net,2,1448911988754880017,11,3974.45
quae@Bubblemix.com,1,1448489644007044104,4,2045.58
assumenda_ea_voluptatem@Zoomcast.info,1,1418343794078526801,4,4286.19
1Armstrong@Tagtune.name,1,1466900405279196182,5,3789.24
ipsam_neque_ipsum@Flashset.biz,2,1419805090402139805,4,2942.75
perspiciatis_enim@Thoughtstorm.gov,2,1401669991619996121,3,2924.68
MelissaKelly@Skaboo.name,2,1466775513035054916,4,3638.73
LouiseGarza@Feedfire.info,1,1443654738351906550,7,8266.17
LoisGarza@Brightbean.com,1,1435163033427343444,5,4893.44
earum_pariatur_saepe@Feedbug.com,1,1438146571952680976,3,2688.23
quidem_tenetur_consequatur@Quamba.net,1,1421929284247529243,7,6417.38
9Willis@Eidel.com,2,1417148689106990119,0,0.00
et_consequatur@Mydo.net,1,1412003248639288015,5,1587.01
JoshuaAnderson@Rhybox.biz,2,1425342191335306772,0,0.00
ea_voluptas@Eare.edu,1,1430477223552683716,10,17347.02
perferendis@Photobug.com,2,1459168491148875624,10,2052.79
assumenda@Cogidoo.gov,1,1415068690291911853,1,1075.98
kDunn@Quire.edu,1,1448843859147565889,0,0.00
8Shaw@Browsecat.org,1,1447375176369254463,7,5119.39
ut@Ntags.mil,1,1455527362768835264,12,6646.93
3Harper@Wordify.edu,2,1453903714663466226,16,9383.28
non_nam_laudantium@Meedoo.info,1,1445034528213729004,9,7239.59
officia@Lajo.biz,2,1466606647472947868,8,8686.40
yDuncan@Kwimbee.info,1,1403284843663568599,5,3680.02
ChristineMiller@Zoonoodle.name,1,1425904467768026860,1,744.23
JessicaBennett@Mybuzz.com,1,1419911803241314562,3,686.44
DonaldTaylor@Jabbersphere.edu,2,1465686564501764833,11,6792.76
PaulCox@Ooba.com,1,1436897792670957280,2,1505.69
quasi_error@Demivee.com,1,1420401465822141410,0,0.00
gWarren@Pixonyx.gov,1,1406992191180697128,2,1794.89
aMartinez@Eazzy.org,2,1451782983830999527,6,7207.29
HelenPeters@Tagtune.name,2,1430553990809731407,13,12536.16
rSanchez@Twitterbridge.info,2,1437577772323228091,5,3483.59
MarkBurns@Skiba.net,1,1448046747606379940,7,3395.61
AndreaWillis@Blogtag.info,1,1414922107348137565,8,4233.04
zKennedy@Mydo.edu,1,1464412703184282206,3,2380.85
cFoster@Skippad.gov,1,1446706493758122505,4,2916.54
8Woods@LiveZ.gov,2,1468504454594135130,10,7676.26
wHarris@Mita.biz,2,1468263188351720218,5,5068.90
reprehenderit_distinctio@Twinte.name,1,1449722522093875908,6,3745.11
ipsa@Jetwire.mil,2,1461814083898043607,1,1051.31
wDavis@Digitube.edu,1,1442120679794192646,7,4842.52
eveniet@Flipbug.mil,2,1469955476304158428,9,6120.01
HarryGibson@Teklist.name,1,1469043748468249708,3,3357.98
aut@Feedspan.org,2,1440759814771965612,1,558.89
JasonAndrews@Jaxbean.org,2,1439566063475572613,2,903.61
gHowell@Jazzy.biz,1,1421077882457924356,2,1428.72
iMorgan@Skaboo.info,2,1467872093474203186,10,4258.66
sThompson@Gabcube.edu,1,1431978136052311210,2,1169.44
HowardRice@JumpXS.mil,2,1460637645059611751,8,9449.67
hAustin@Jaxbean.edu,1,1453729744771054459,3,2625.69
SaraMurphy@Jaxspan.name,1,1413355580876278236,3,1934.12
consectetur@Photobug.gov,1,1406144195523262859,1,387.07
HowardKim@Blogtags.net,1,1438322640676757979,4,1587.33
oMurray@Bubblemix.name,1,1401639493996760501,10,9121.45
dRamirez@Topiclounge.biz,1,1443218328016226374,1,463.67
uCrawford@Twinder.gov,2,1447338023660007810,5,3643.62
ElizabethRay@Lajo.info,2,1414438825988843655,14,5700.66
KeithRay@Snaptags.org,1,1442247042250106646,2,2036.40
eCruz@Quinu.org,1,1462779548942360259,17,13774.02
sint_consectetur_aut@Rhynoodle.name,2,1425563641733953392,3,2478.42
voluptatibus@Mudo.com,2,1461741293522972973,2,1103.56
deleniti_est@Yata.info,2,1419836780944256372,4,4266.95
incidunt@Aimbu.name,1,1423392547151788238,15,16774.60
eHenderson@Linkbridge.biz,1,1451488665009031407,9,9179.27
HowardMartinez@Ntags.org,1,1411838512925037777,10,4823.25
ut_laudantium@Voolia.biz,1,1438826882335296130,9,11976.02
sint_ut_dolor@Topicblab.gov,2,1453028156259887737,11,7719.92
est_nobis_repudiandae@Mynte.name,1,1436565512595406114,11,8627.10
3Fields@Photospace.biz,2,1417090229091815904,7,5282.84
voluptatem_est@Riffpedia.biz,1,1402676761147938285,10,7312.08
TimothyRiley@Jazzy.info,2,1450114650851737532,6,5643.24
4Burns@Bubblebox.org,1,1401995093049209447,4,3754.40
WalterDay@Camimbo.name,1,1456362421242552224,5,3618.32
nEvans@Kayveo.name,2,1430298401574309850,7,8922.61
AndrewFerguson@Tanoodle.edu,2,1469629081464014859,2,825.23
lMorales@BlogXS.edu,2,1439360844234866889,9,8883.88
vShaw@Skyba.name,1,1453087617041095362,1,935.09
uFuller@Ooba.gov,2,1434128385380007341,4,3359.01
mollitia_cumque_nobis@Pixoboo.net,1,1408764371485838552,2,1030.08
LoriMoore@Gabspot.edu,2,1459838923633146822,9,4976.68
eos_rem@Jabbercube.gov,2,1446735622574282256,4,1942.28
cLopez@Yodoo.edu,2,1423668923579075868,1,1055.40
sunt_ipsa_fugiat@Wikivu.org,1,1448461472317332945,8,9943.56
voluptatem_omnis@Zooxo.name,2,1407920095334663916,10,7618.80
JesseElliott@Devpoint.edu,1,1456976967587528270,9,9050.42
JeanDuncan@Topiczoom.info,2,1411012189631410558,3,2073.39
ChristineHarper@Edgepulse.mil,1,1441817384607510881,3,2975.98
adipisci@Blogtags.name,2,1424205955429915570,10,2314.74
qui_harum_non@Skyvu.mil,2,1436252742169748946,2,1714.34
pBishop@Tazzy.name,1,1412819286009524586,0,0.00
PaulWells@Skippad.com,1,1409698713058039460,16,12182.31
gHarrison@Skippad.net,1,1410723233059547497,2,644.27
a_consequatur@Bubblemix.org,2,1461658383136520690,3,1277.38
0Larson@Camimbo.biz,1,1403362023412793601,4,2429.75
hHayes@Topicware.net,1,1450807804921419737,3,2349.38
PeterMitchell@Twitterwire.com,1,1404072530468732077,18,15002.35
pGarrett@Gabvine.biz,2,1411074692120919153,4,2324.23
BruceDunn@Thoughtstorm.name,1,1441010415114788317,5,5095.43
zArnold@Kayveo.info,1,1455660582759235914,2,1804.03
ThomasCastillo@Shufflester.biz,1,1404617886345818876,4,3527.16
wGrant@Yodo.biz,2,1442966972415503054,10,9185.29
vHarper@Photobean.net,2,1421148697743307509,8,4994.11
DianaYoung@Trupe.info,1,1457041452624364696,8,5796.36
non_voluptatem_et@Twimm.edu,1,1405445679524318681,8,563.86
quod_sed_quis@Roodel.info,2,1459512171046488012,4,2988.02
SamuelDaniels@Rhynoodle.mil,1,1445053264398972492,8,5877.39
repudiandae_inventore_cupiditate@Jaxnation.org,2,1427483230537824182,3,1087.87
8Hanson@Eire.edu,2,1416496398849441109,7,4989.60
quia@Dabjam.biz,2,1458141081241253186,3,1266.27
tenetur_dolor_aut@Devify.mil,2,1422492428734585660,6,5816.28
quo_non@Oyonder.edu,2,1463873927631484273,4,2946.16
voluptatem_iste_veritatis@Abata.name,2,1407220977106991998,5,5968.95
dCole@Thoughtworks.biz,1,1465911854662753524,4,4328.79
rGarrett@Oyoyo.com,2,1440301025047404652,8,8315.24
est@Agivu.gov,2,1463887699246089847,5,3973.56
occaecati_cumque@Dablist.name,2,1412940251153029869,8,8976.14
vRose@Eamia.gov,2,1418625599264488962,9,11144.30
beatae@Twiyo.com,2,1450060565588435010,2,2289.82
quisquam@Cogilith.name,2,1464905790000201752,7,7251.80
nam@Photofeed.com,2,1415841572472407454,11,12967.32
consequuntur_quia@Realfire.biz,1,1469773754881130144,2,1467.38
sed_ut@Mybuzz.info,2,1467436024433724609,1,576.38
sed@Yamia.biz,2,1450166411487717665,5,5377.59
nColeman@Topicshots.org,2,1427922488337370730,6,5175.14
StevenReynolds@Mudo.name,1,1463735004732888155,18,5802.99
JanicePatterson@Yotz.biz,1,1446681355909095491,4,4971.40
labore@Jazzy.info,2,1435158754729411475,2,1531.77
enim_dolorum@Devcast.org,1,1414987487452652924,1,1141.60
nulla_aut@Voolia.name,2,1453272736277826168,2,1281.20
sWilliams@Voonyx.mil,1,1445901944504652038,6,5445.74
mMeyer@Browsedrive.net,1,1424013007432590721,5,4591.83
uPerez@Jaxworks.mil,2,1461302850468399465,8,4296.14
HenryWheeler@Photofeed.mil,2,1408255197766848193,3,1511.53
sit@Browsecat.net,2,1442917146262028585,3,2481.88
repellendus@Voonte.edu,2,1431046962825169340,9,10966.00
JeremyMartinez@Avamm.info,1,1420598270491407291,15,15115.50
ChrisRiley@Wordpedia.edu,1,1428561835015608121,10,7323.58
wStephens@Topiczoom.mil,2,1423729650524324885,8,6177.53
SeanTaylor@Skajo.info,2,1419899840736566174,13,14785.91
LauraGordon@Realcube.gov,1,1423671701511555008,5,4328.98
asperiores_suscipit@Miboo.com,1,1434429384446562422,19,25354.71
JimmyWagner@Oloo.name,2,1430439878701925610,13,16404.84
KathyHarper@Eimbee.org,1,1434287009500450825,2,1865.14
est_natus_recusandae@Oodoo.org,2,1413782816025488788,10,11505.10
dolorem_reiciendis_amet@Mynte.biz,1,1444486660205035815,5,2567.97
quo@Quimm.name,1,1434584301183235853,8,10413.60
uClark@Roodel.name,1,1456232828696312918,0,0.00
mollitia_cum@Jetwire.gov,1,1451612282575610074,5,1075.47
et@Shufflester.name,1,1460034281523950262,3,3287.40
RyanRuiz@Roomm.org,2,1426900309155279916,13,11006.06
hStanley@Avaveo.org,2,1454828939096713464,10,3914.91
pRogers@Zoomlounge.edu,2,1413050707811209072,2,1253.81
odit_et@Skilith.name,1,1418036593727274370,2,2291.19
ea_vitae@LiveZ.net,2,1470080555929726899,13,11830.53
qui_velit@Kaymbo.name,2,1421738850074317166,0,0.00
KimberlyJohnson@Blogspan.com,1,1462690019494869437,10,7280.42
enim@Voonix.org,1,1409699722948576998,8,3103.52
ut_nam_qui@Quinu.mil,2,1451343685052578846,8,1245.21
gGarza@Jetpulse.gov,2,1456087940971114407,2,1714.40
RobertGarrett@BlogXS.mil,2,1466183260363247114,5,2879.24
oWagner@Voomm.net,2,1451426793185072584,0,0.00
JasonSanchez@Twitterwire.net,1,1428156208750346588,1,884.00
zJames@Devshare.name,1,1468736079414872814,7,4109.14
lFisher@Chatterbridge.net,1,1408680003085026766,7,5494.13
harum_aut@Twitterworks.org,2,1456679543302253287,5,807.06
vMills@Vinder.name,1,1421360579612557699,8,5727.43
distinctio@Yombu.edu,2,1460844658922465448,3,1825.91
jSpencer@Skalith.net,1,1462053965455573190,9,8274.06
aut_id_beatae@LiveZ.gov,1,1420269410645018873,2,1523.21
RubyAnderson@Fatz.biz,2,1421578788985962334,15,9742.48
iBishop@Browsebug.mil,1,1409580026248112626,4,3982.37
TimothyGibson@Feedfire.net,1,1446360604056922018,0,0.00
aRichardson@Edgetag.name,2,1407559611094159495,1,818.69
et_sit_adipisci@Voomm.name,1,1467542301516090970,8,3223.97
harum_quia_harum@Jamia.net,2,1453607042401104455,4,2678.12
PeterDay@Podcat.name,2,1470142943021858961,12,12238.70
AngelaSpencer@Skiptube.net,2,1460060620619044986,2,881.59
molestiae_est@Jaxspan.mil,2,1466876092171776883,12,10800.02
non_cupiditate_itaque@Izio.biz,2,1461452366732539705,14,14635.79
non@Skiba.mil,2,1430718240247767191,2,1597.75
alias@Jayo.name,1,1457044166857726463,7,3648.18
CherylHill@Voonix.name,2,1424840069554406705,1,775.58
MelissaLopez@Zoomzone.info,2,1412899539704020261,5,2505.55
DeborahWells@Skibox.edu,2,1458865194167914202,2,2116.42
1Martinez@Skimia.org,2,1452402799059600893,2,533.30
bPerkins@Jabberstorm.gov,2,1449016116607849592,1,810.12
dRiley@Flipstorm.gov,1,1435327351609931186,7,4833.05
earum@Realmix.info,1,1469013784899782126,5,2047.87
quaerat@Wordpedia.name,2,1436156759273213940,5,1140.11
3Dunn@Rhycero.com,1,1451405741728689135,4,1864.13
id_aut@Latz.mil,1,1454250011504642234,13,15842.12
lReyes@Demivee.biz,1,1411195400103893243,8,4076.32
4Reynolds@Gabvine.mil,2,1414521907628044193,12,6584.62
JoyceMills@Snaptags.gov,2,1421951776693604509,2,2011.91
pAnderson@Devpoint.org,2,1452972750793844333,8,6993.40
RoyBurke@Babbleset.gov,1,1412080565109798373,7,3228.89
dolorem_aut@Oodoo.gov,2,1451503984392793511,15,7069.66
enim@Centizu.info,1,1454410343364708261,6,7513.56
6Young@Thoughtbridge.mil,2,1448024034628581115,8,3041.29
xCook@Jabberbean.net,2,1444453762730417152,3,1928.24
deserunt_voluptatem@Trilia.biz,2,1466720275429481130,9,7121.16
JustinStephens@Realmix.gov,2,1422874950303401801,10,7617.18
jCruz@Photojam.gov,2,1408439710267869661,0,0.00
consequuntur_ratione_id@Livefish.gov,1,1446641362055636591,10,4734.85
xGordon@Edgeify.edu,2,1411459018219874243,7,7135.11
qKelley@Realbuzz.mil,2,1462065124602547932,11,12253.21
error_rerum@Brainverse.org,1,1427085299474220821,11,15478.18
quia_aut_et@Topicshots.biz,1,1424067876554722605,2,947.55
PhillipChavez@Fliptune.edu,2,1402173056322775484,5,3665.80
itaque_facilis_quae@Meejo.gov,1,1434548276913446948,1,922.50
RobertBryant@Gigashots.org,2,1443855656836670902,2,2532.79
9White@Wikibox.org,1,1404122219728356094,14,12894.03
7Simpson@Yadel.gov,2,1457253704914370059,3,3170.24
reprehenderit@Browsecat.mil,2,1402953990537370844,11,8766.63
MarkRivera@Agivu.info,2,1427719375188428011,0,0.00
VirginiaStevens@Kwinu.gov,2,1432016622074923591,5,3923.04
DonaldWatkins@Skajo.mil,2,1409765014496186909,9,1864.79
impedit@Geba.net,1,1462932954485045047,3,3620.61
dCarpenter@Photospace.info,1,1409570155733934214,5,30.65
vRobinson@Roombo.name,2,1443549677635087835,5,4979.90
ThomasWells@Realfire.org,1,1463922099719543461,9,4188.23
9Sanders@Meeveo.net,1,1444205637403126586,1,934.04
JesseArnold@Skalith.biz,1,1403325157112082367,9,3089.16
ArthurOwens@Ntags.gov,1,1467843219720172032,16,12983.60
wRodriguez@Centizu.org,1,1404228133922527582,4,3940.75
uTorres@Cogidoo.edu,1,1469740665937089769,5,5787.75
gHarris@Divape.name,1,1416312178124443411,5,6092.64
LisaTurner@Youfeed.info,1,1440713512317525583,4,2887.32
iRogers@Twiyo.gov,2,1426695589349355229,2,1735.39
hBarnes@Brainsphere.edu,2,1456862131234768341,17,13566.10
7Torres@Bluezoom.biz,2,1417075555023280046,5,4133.86
yDavis@Oodoo.mil,1,1457068207714813092,1,830.95
AlanRivera@Skinte.org,2,1452271113567823586,8,8172.63
LoriMendoza@Lazzy.com,2,1402224927976146103,2,2252.59
optio@Aivee.mil,1,1437736803644646067,6,8574.32
quibusdam_ipsam_ratione@Livepath.gov,1,1424567341036475481,11,10520.12
ChristopherHunt@Oyonder.com,2,1446264409211549018,9,7642.94
ut_repudiandae_cum@Innojam.name,2,1469043313297868799,2,1761.68
kDay@Buzzbean.biz,1,1403261425544831758,3,3085.59
est_minus_est@Zoombeat.biz,2,1424506199437481208,5,2415.60
SharonHill@Katz.info,1,1453659512097592941,3,1046.25
JoshuaBlack@Vimbo.net,2,1456006453727667506,1,307.75
3Rice@Realbridge.name,1,1468743445335196182,7,4460.91
nostrum_nihil@Cogilith.edu,1,1406711516599804370,1,1191.55
sit_necessitatibus_et@Browsezoom.name,2,1457602527718572787,6,3688.24
6Armstrong@Fadeo.mil,1,1459509581274046669,1,1050.81
JesseRiley@Camido.com,1,1426345614060959379,2,2472.67
MargaretMorris@Gevee.name,2,1469580518419988788,6,4780.39
quis_magnam@Vitz.com,1,1413428520696979009,7,8070.89
lRogers@Lazz.mil,2,1410747851157775978,5,3247.10
7Jacobs@Kanoodle.net,2,1416350255404234476,1,661.32
nostrum_numquam@Blognation.org,1,1434338930087221906,6,1232.48
xHarrison@Yata.mil,1,1411903772223745402,0,0.00
consequatur_quidem_vero@Mita.name,2,1410312480486697352,3,3178.58
CarlPorter@Leenti.biz,1,1420494379897010155,8,6197.63
sHernandez@Bluejam.mil,1,1426074832405902873,1,800.78
BenjaminMoreno@Flashset.org,1,1441437464600428557,10,4904.51
JoyceAdams@Vimbo.info,1,1466757593135452569,11,11631.71
dignissimos_deserunt@Voonix.name,1,1448064395554508677,13,1043.19
provident@Topdrive.gov,2,1410580966441828931,7,1473.24
aTorres@Innotype.mil,1,1405034661980074104,6,6766.34
uBerry@Yakijo.info,2,1451287155487465189,7,6507.99
AliceWashington@Bluezoom.biz,2,1419715934480031182,1,731.50
quia_voluptatem_aut@Chatterbridge.info,1,1455743032898448277,7,3163.77
2Richardson@Roomm.gov,2,1460841898925152862,11,4720.66
LouiseWarren@Ailane.biz,2,1438484982119755988,13,9626.05
vHunt@Skippad.info,1,1425381940108848582,2,1889.49
SteveGriffin@Oodoo.gov,1,1416699421933179621,11,9215.86
cKing@Browsedrive.net,2,1448032641801839555,19,10522.50
JoshuaWest@Roomm.edu,2,1453723552983748759,3,3234.40
EugeneCollins@Kanoodle.info,2,1469545805342641675,3,3079.84
RussellWheeler@Edgetag.name,1,1411549129154761489,2,611.19
sed_corrupti@Camimbo.com,2,1441662085721491983,3,3306.08
RuthNichols@Jaxbean.gov,1,1439622137355727134,5,4313.16
maiores_aperiam_est@Realpoint.mil,1,1423168389635705747,1,935.78
JacquelineRodriguez@Aibox.edu,1,1442139152126553082,1,722.53
wAndrews@Yambee.biz,1,1458380353086513813,4,4565.01
atque_dolorem_et@Dynabox.mil,2,1456849033395469434,2,2670.68
doloribus@Photojam.net,2,1462996156446391786,11,9019.01
ipsum_nisi@InnoZ.org,1,1432923326823394885,4,1658.04
JoyceMatthews@Yotz.edu,1,1419508906867608278,7,6476.08
DorothyGardner@Twitterwire.biz,2,1468462881951586820,3,1985.24
RichardHall@Thoughtstorm.name,2,1418219252213916670,1,1240.90
asperiores_quia@Jayo.gov,2,1442865430419360983,2,1363.44
explicabo_ut@Realpoint.org,1,1403863039984565203,14,10510.06
est_aliquid_et@Oodoo.org,2,1458988403175027052,5,4101.49
pariatur_ipsam_et@Ainyx.mil,2,1430792978961647730,11,13087.84
fMurphy@Browseblab.com,2,1428418995067670529,5,6254.05
KennethHarris@Twitterlist.edu,1,1449910871094732729,3,2853.82
commodi_et_accusamus@Avavee.org,2,1457409068938437858,14,13629.74
5Sanchez@Gigashots.mil,2,1465534806682888091,3,1677.19
KimberlySims@Blogtags.info,2,1401800773287022118,8,4838.01
ChristopherRussell@Feedmix.org,2,1456076928808173834,2,1415.26
GloriaWebb@Skipstorm.gov,1,1452817880738400926,2,2055.14
LouisReyes@Eare.net,2,1402373582630037630,2,1493.23
lHenderson@Oyondu.org,1,1433362026808683399,5,2267.09
7Cooper@Gabtune.org,1,1470174175711318682,2,1065.96
nSpencer@BlogXS.com,1,1403545026734398362,6,6574.56
corrupti@Yambee.name,1,1413014854995497680,9,4706.39
MartinDunn@Voomm.gov,1,1412077706699208044,6,6576.60
fReed@Zoomdog.name,2,1447488805057282939,3,2030.77
dignissimos_dolores@Twitternation.net,1,1406544796338030541,1,1033.96
PhilipPeters@Roomm.org,2,1466015550802162349,1,268.51
5Mcdonald@Blogpad.mil,1,1411613950989556290,1,1102.34
aut_recusandae@Aimbo.edu,2,1453643530414879422,3,2678.55
JaneStewart@Twitterworks.biz,1,1417726682137440866,9,3751.82
zHarper@Katz.edu,1,1405650660701537941,2,1667.68
qui_quae@Midel.com,1,1453232348544110181,2,1621.34
voluptate_aut_reprehenderit@Oozz.com,2,1416035804577379189,6,5064.25
ShawnSullivan@Jazzy.biz,2,1449955373700116981,1,293.71
4Torres@Thoughtworks.info,2,1407308898925819498,1,1092.89
lRodriguez@Kanoodle.biz,1,1426396912643540463,11,7774.70
dScott@Divanoodle.name,2,1451195883437725647,12,13256.94
uRuiz@Twitterworks.info,1,1428990937061999083,6,6226.23
AmyDavis@Rhyloo.biz,2,1460017151906033237,6,5370.30
SeanGutierrez@Kwinu.net,1,1425524205862181760,17,16638.49
MelissaGonzales@Devshare.org,2,1408752160746236590,11,8559.75
dolorem_aut_corporis@Dablist.edu,1,1401605136342924134,8,8569.47
DouglasTorres@Tagpad.com,2,1405238364894508313,2,1981.03
WillieHansen@Kamba.mil,2,1460760258331550000,4,3107.85
ToddElliott@Meedoo.mil,1,1465606867454610381,16,17224.38
ArthurCarroll@Skilith.org,1,1404277296416659023,2,1249.57
dBanks@Browsezoom.org,1,1423216310036362562,3,2601.86
rFernandez@Twitterwire.name,1,1423881020119328766,1,1045.66
sunt_distinctio@Babblestorm.info,1,1421769729231722150,7,5944.94
NormaReynolds@Linklinks.edu,2,1435500490910896084,4,3690.81
5Cunningham@Npath.biz,1,1409651805490625926,7,7115.07
nWashington@Izio.mil,1,1409738991913673618,1,174.74
quia_tempora_dolorem@Edgewire.info,1,1430552332056180732,1,470.02
lLittle@Edgepulse.gov,2,1404378172905162381,4,3056.42
quod_consequatur@Zooxo.info,1,1420475553712435274,7,7597.15
4Reed@Abatz.info,2,1467333915558346030,5,4583.29
doloremque@Vipe.gov,1,1461319402784826135,19,16816.35
quaerat_est_vel@Bubblemix.biz,1,1459195195034230146,7,5703.13
SandraGardner@Bubbletube.net,2,1402587977118145527,5,3608.11
8Bowman@Avamm.name,2,1437553474132554267,0,0.00
beatae@Cogilith.biz,1,1446023192991730657,11,10350.35
JuanGilbert@Trudoo.info,1,1432084640299509801,1,1031.85
JoeGonzales@Twinte.com,1,1428865696677077537,4,3813.70
lCarroll@Oloo.org,1,1423665358539694588,2,1863.92
eCunningham@Voonder.net,1,1452822710754905859,3,2490.95
harum_expedita@Ntag.org,1,1438068758653568675,4,2767.92
hWheeler@Yambee.org,1,1438419754277444815,9,8711.82
perspiciatis_quibusdam_eaque@Photobean.net,2,1452454429738672625,0,0.00
saepe_nihil@Tazz.gov,2,1437445645084203836,5,3810.76
JoyceDunn@Vidoo.com,1,1467422738882936028,9,408.95
cHarper@Dabjam.name,1,1431431079704526428,7,9380.92
eFowler@Browseblab.info,2,1465504861968335241,5,3312.56
sed_numquam_dolores@Voolith.gov,1,1449146411673183019,2,1618.18
nPerry@Browseblab.name,1,1428674264802809827,11,7231.13
aliquam_voluptatem@Eazzy.org,1,1407508804030208064,3,2891.41
ut_est@Zoomdog.mil,1,1465851063340503547,3,1916.40
impedit_ipsa_et@Jabbertype.biz,1,1459664655400388962,7,3058.30
velit_reprehenderit_qui@Leenti.net,1,1438298095481616451,4,187.95
SteveLawson@Eamia.com,1,1419518378109900882,9,4861.26
MaryHolmes@Yozio.org,1,1421552404069262389,0,0.00
7Ryan@Digitube.net,2,1456695432535545652,2,1263.09
ShawnNelson@Skimia.edu,2,1451226670639432505,2,1467.26
ErnestKennedy@Nlounge.net,1,1460878144234120553,8,4782.50
rWoods@Voolith.info,2,1438835592557098618,7,5136.68
fReyes@Meezzy.net,2,1417364236855408817,4,4552.14
kKim@Vipe.name,2,1404219104997418061,3,2652.31
molestiae@Meemm.name,2,1446547158167867819,10,6308.02
KatherineLopez@Skinix.mil,1,1439223161479710998,8,9298.56
EmilyOlson@Thoughtbeat.mil,2,1402359030069995106,5,6263.09
CatherineFreeman@Ainyx.info,1,1457938743134587090,6,4844.48
esse@BlogXS.info,1,1441897337972402776,9,5313.79
hVasquez@Mydo.com,1,1453098063670268841,3,2821.75
et@Gigaclub.biz,2,1435584849214658099,4,3769.49
pRivera@Babbleblab.name,2,1413609699290579636,8,3364.49
gTucker@Kayveo.gov,2,1448898214515515193,2,869.00
nHill@Oba.biz,2,1429491463500654844,7,3196.59
blanditiis_omnis_ut@Thoughtstorm.org,1,1465156637403337791,11,8105.91
dolore_perferendis_iste@Fivespan.org,2,1442792792016760589,2,1276.53
7Hall@Omba.gov,2,1469627312945368004,1,249.95
yFlores@Innojam.com,1,1465387576710024584,2,1204.01
quo_temporibus_temporibus@Gevee.org,2,1425855881442738240,2,2452.07
quibusdam@Skimia.com,1,1417594095467704728,18,17767.20
eFuller@Skyble.gov,1,1442838294628363489,1,329.31
dolor_soluta@Brightdog.mil,2,1411540038664704771,2,1970.45
HarryTorres@Babbleset.biz,1,1408289551227635130,1,760.69
RussellPerry@Cogidoo.org,2,1434849244570557520,7,4110.05
xHarvey@Thoughtbeat.org,1,1422394948130791374,2,1263.99
rGonzales@Jazzy.biz,1,1419693495032092408,11,6956.06
KathyBennett@Bluezoom.com,1,1436449034472969291,1,526.37
sunt_ea_facere@Rooxo.biz,2,1461718446051919512,1,1128.21
lFerguson@Feedfish.info,1,1469755714091015407,4,3595.29
est_deleniti@Shuffledrive.edu,2,1433840949774259227,3,2237.21
MariaGardner@Mynte.edu,1,1466345151342745465,8,3094.15
tCastillo@Demizz.name,2,1433557158059580748,12,10806.58
lKim@Abata.mil,2,1424420676822019768,4,1771.57
similique@Jaxspan.org,1,1422780771578487074,14,15785.57
GregoryWard@Eadel.gov,1,1443360348012808626,8,8940.79
PaulaGonzalez@Tagtune.edu,2,1466090522964863797,3,1292.42
eSimpson@Oodoo.org,2,1423829420806882439,1,1068.58
qWright@Latz.gov,2,1456930879241386143,8,4945.48
xHarrison@Youspan.info,1,1432753931199192495,5,3471.81
ipsa_ut@Zoomcast.info,2,1427154805601691948,5,3167.35
rFlores@Trupe.biz,2,1431295129880506566,8,5743.57
illum@Tagtune.edu,1,1460574008927035848,2,2112.90
SandraPeters@Thoughtstorm.edu,2,1418213097270228348,3,666.81
JuanCox@Kazu.info,1,1467736957953705551,8,7646.74
deserunt_et@Browsetype.net,1,1452357107549993314,6,7803.22
lNguyen@Thoughtblab.edu,1,1451836133691881468,9,8494.10
DeniseWashington@Npath.org,1,1425227720728362603,0,0.00
LouiseFox@Dabfeed.net,2,1467001530161978544,4,2790.75
7Wallace@Eabox.biz,1,1469704781050899601,2,990.97
iBishop@Teklist.com,1,1460970776461178366,1,560.94
sapiente@Wikido.biz,1,1409749522134443318,5,5208.58
PamelaOwens@Linklinks.mil,1,1459337346578264583,8,7563.57
eMontgomery@Voomm.name,2,1424836980799679585,1,727.14
dolor_libero@Yakijo.org,2,1467726931988823896,0,0.00
AliceAnderson@Yacero.edu,2,1429659266121230014,8,9534.96
nRogers@Voomm.net,1,1435157425394647815,4,2868.55
bPorter@Jabbertype.com,1,1406115083315278799,1,964.52
oMitchell@Topicblab.mil,2,1457707622677366162,8,6626.20
KathleenHamilton@Wikibox.org,1,1443689423361998269,2,2310.13
et@Quimba.biz,1,1405246775188651740,3,3033.67
rSimmons@Riffwire.name,1,1465095855323567052,5,2708.25
fRivera@Riffwire.net,1,1448396172318809554,4,2339.83
eWarren@Meetz.edu,1,1408535201799559269,12,9120.99
zWood@Flashpoint.mil,2,1419589464139579714,7,5862.61
3Castillo@Skyble.edu,1,1455783659689157657,14,4418.71
yRichardson@Linklinks.org,2,1427996605202650879,4,3746.87
TimothyKelly@Fatz.edu,1,1411873298328286316,2,1508.04
nemo_quasi_eligendi@Fivespan.gov,2,1428735709373608818,8,2198.56
ea@Twitterbridge.net,2,1462610793688648464,16,144.83
nemo@Zooxo.gov,1,1425432856204865960,8,8786.02
dolores@Chatterbridge.gov,2,1445297857275572327,1,959.82
CraigWebb@Rhyzio.gov,1,1443712155322271070,5,3906.97
2Miller@Skibox.org,1,1403860243593257716,5,2924.20
est@Demimbu.mil,2,1409015244989273134,2,1542.13
bHunt@JumpXS.gov,2,1430671484836926414,2,2530.13
dolor_enim_possimus@Realbuzz.gov,1,1445086217975211777,7,7149.54
8Adams@Quimm.mil,1,1466469659672095676,2,1818.74
eHolmes@Yamia.info,2,1432258367321541475,15,11352.40
vitae_vel_sequi@Blogpad.info,2,1449951018558150806,5,2727.17
saepe_aut@Buzzster.biz,2,1450195113506307092,4,4477.36
LauraAlvarez@Vipe.com,1,1413139239646501404,4,3485.56
AmyOlson@Dablist.name,1,1455824170838319874,3,2073.43
quo_natus_ut@Lazzy.biz,1,1423224062198672671,1,1237.37
StevePrice@Linklinks.name,2,1403006163258621304,17,18515.86
et_non_nobis@Yakijo.biz,1,1434042136089552681,10,5834.22
EmilyReed@Thoughtmix.mil,2,1435759837042537266,5,4880.20
JaneBarnes@Ntags.org,2,1450354074638988079,9,9656.54
4Smith@Yabox.biz,2,1461586750824502100,8,6939.71
cClark@Fanoodle.com,1,1417460456500393149,6,5287.48
qRogers@Browsetype.org,1,1435170609923421299,8,8751.42
MartinBradley@Tagfeed.biz,1,1439600671875313921,6,4933.99
aspernatur@Zoovu.net,1,1445671990725753278,2,2058.40
lSanchez@Twiyo.biz,1,1417844168420012094,8,4450.68
mPatterson@Zoomcast.info,2,1454539661375158729,10,13351.52
aperiam_necessitatibus@Voomm.org,2,1444927812773752757,2,1787.41
dolorem@Rhyloo.net,2,1463041086815605064,10,9067.06
6Gardner@Photobug.mil,2,1456002022648825054,7,6712.89
et_sunt_dicta@Wikibox.com,1,1460781453828984164,14,15841.76
et_quaerat_magni@Skajo.org,1,1455621858504756808,8,7223.96
KellyCooper@Digitube.edu,2,1407052790952720249,5,3199.69
GregoryStewart@Trilia.info,1,1414213216927339872,1,841.23
commodi_dicta@Thoughtbeat.info,2,1407214000307787596,8,5763.68
HowardWarren@Skiba.name,1,1446876765789145415,1,641.58
CarolynThomas@Devify.name,1,1426416605490331800,9,8096.13
necessitatibus_in@Midel.net,2,1417969675331086564,0,0.00
BrendaHudson@Flashspan.mil,1,1424376012846741109,5,4532.55
LouisRoberts@Plambee.biz,2,1420947745308953602,8,6804.73
et_enim_sed@LiveZ.net,2,1444961599829101124,6,6034.01
est_nostrum@Ntags.name,1,1469590608670279464,9,7857.85
blanditiis_ullam@Oyoloo.edu,1,1403784712976258102,3,2455.98
aliquam_recusandae@Skinte.mil,2,1402552777486696019,6,833.48
ut@Shuffletag.name,1,1428821118836447276,1,818.39
et_ipsum@Katz.mil,2,1469851398667754698,11,6325.33
RalphElliott@Zoozzy.biz,2,1425322389966020428,9,5939.08
KellyMorales@Aivee.mil,1,1444369850720406654,5,1935.00
wHill@Babbleblab.edu,2,1425869479512572271,3,1590.60
DorisHayes@Yadel.net,1,1423420034396410849,6,7248.61
RyanReynolds@Kanoodle.info,1,1403897891214897152,10,7651.80
2Butler@Jaxworks.net,1,1428903661523681043,12,4279.33
ClarenceHenderson@Thoughtmix.org,1,1420650303291903893,4,2837.04
GloriaMartin@Babbleblab.biz,1,1469068862572196138,2,1104.21
itaque_et_distinctio@Roodel.edu,1,1454628590165721561,7,6594.30
uMitchell@Bubblebox.org,1,1405442936361016994,2,1906.49
dGonzales@Rhyzio.gov,1,1450876166563758439,7,4082.96
nihil_qui@Realcube.net,2,1432785437761502626,11,13871.58
eElliott@Talane.mil,2,1401871673806762529,6,5231.55
aut_aut@Twitterwire.mil,2,1409120828235469344,9,7238.31
6Spencer@Dabjam.info,1,1421567448054238998,2,604.62
hRobinson@Izio.edu,2,1455007556752728661,4,4427.70
EvelynMeyer@Zoomzone.org,1,1466103308438558992,6,3647.55
vel_aut@Meejo.gov,1,1405224632312852299,8,7924.86
iusto@Photobug.name,1,1420921988516406885,10,9712.98
impedit_consequatur_quia@Rooxo.name,2,1415028827124561569,1,212.53
hColeman@Skippad.info,2,1447241715515183194,5,3889.27
sJohnson@Meejo.gov,1,1447122263367239177,6,5155.64
aperiam@Quamba.biz,2,1402523261216242997,5,1729.98
lWagner@Thoughtbeat.edu,1,1468205691016453204,15,3466.91
PaulaRichards@Roomm.gov,1,1441255626433671234,3,1686.82
quidem@Yozio.net,2,1423508957433291197,5,4622.92
error_veniam_ut@Skyble.gov,1,1418073769399706312,1,370.30
DeborahChapman@Trudeo.edu,1,1408878879801878426,0,0.00
PhyllisHansen@Kaymbo.edu,2,1443281958070770671,4,3580.86
pWagner@Browseblab.org,1,1452120016899577920,2,1218.96
AshleyTorres@Yamia.gov,2,1410116128377193325,2,1273.35
cMorales@Dabshots.name,1,1462076343187227361,5,5057.41
DianaPerez@Gabvine.mil,1,1438219293790322547,9,10282.72
BobbyRamirez@Kwilith.biz,2,1419166599000277870,11,7235.36
et@Avaveo.mil,2,1464651162991028296,3,2022.07
VictorNichols@Brainsphere.org,2,1447571698945720699,1,88.61
GeorgePalmer@Brainbox.net,2,1467422662523381242,3,2250.35
gEvans@Kanoodle.biz,2,1404152695613197844,10,5541.00
GaryGriffin@Brainverse.mil,1,1428950619140965082,8,6937.55
optio@Quire.gov,1,1451762184654303560,13,4894.56
ChrisRussell@Skimia.com,2,1434187865108193195,5,2982.90
RaymondGray@Shufflester.org,1,1411224623783566083,2,290.58
AndrewSmith@Voonte.com,2,1407527804140492529,4,3438.94
BeverlyPrice@Browseblab.info,2,1465603192794492350,0,0.00
dolorem@Jabbercube.info,2,1456525791625779885,1,476.63
AnneHunter@Einti.gov,1,1434115261504550565,6,7917.83
nam_rerum_ut@Jazzy.gov,2,1426536658791321315,3,2442.44
doloremque_deserunt@Jabbertype.biz,1,1402288992490426418,5,3370.26
SamuelMartin@Kazio.com,2,1443256201622275426,9,3142.62
vOliver@Aivee.gov,2,1418070507863030565,2,2232.28
JudyPierce@Blogspan.com,1,1455756091845478328,3,2422.44
dBennett@Devshare.gov,1,1445540797440761287,0,0.00
hGeorge@Pixope.name,2,1456366033589194393,1,1220.81
accusantium_aut_numquam@Feednation.com,2,1409943924784796035,5,4387.38
2Fields@Photobug.name,1,1450208566106289866,4,4500.12
iDixon@Jatri.name,1,1406832328428298361,1,452.12
9Webb@Skinder.gov,1,1404062308328794491,1,480.89
voluptas_et@Dabshots.net,2,1404931956407224457,8,7948.89
ut@Jaxbean.mil,1,1437874807276885974,5,3899.62
eBailey@Kayveo.org,2,1421098415639954978,8,12461.91
tGordon@Meetz.org,1,1416896340306000655,14,9114.92
bPhillips@Feednation.mil,2,1444987586342338034,13,19092.18
EugeneNichols@Livetube.org,2,1463320151954592136,4,3150.92
explicabo_illum@Gigazoom.mil,1,1441002254185254092,4,1491.13
1Griffin@Mynte.com,2,1447244950353233808,8,4912.47
6Pierce@Skippad.gov,2,1461474414578628201,12,12549.99
pNelson@Ntags.name,2,1424849945120094925,3,2428.19
bRogers@Twimbo.name,2,1460353787593563488,4,4991.39
TammyRamirez@Linkbridge.name,1,1452399422626992518,10,7728.47
dolorum@Voolia.com,2,1414516254916547734,13,5586.06
totam_deleniti@LiveZ.com,2,1464432239059884934,6,7074.34
illo_qui@Linktype.biz,2,1463252877849507876,3,2470.99
vHall@Cogilith.name,1,1450123622412901428,9,6915.95
voluptas@Demimbu.name,2,1439138401225023759,4,3249.86
MargaretSimmons@Plambee.com,2,1454797066535054807,19,22572.26
voluptates_quidem_at@Oyondu.name,2,1452013791037919224,2,1688.68
neque_reiciendis@Meeveo.mil,2,1405348569062296356,8,8461.36
HenryMcdonald@Youtags.info,2,1469884714623438637,1,909.30
9Richardson@Kazu.gov,2,1422886294446089230,5,6749.29
et@Zazio.mil,1,1418503970903968257,4,2487.93
7Meyer@Rhybox.gov,2,1414587733341669488,11,12875.18
5Porter@Talane.com,2,1411654502751520445,1,928.94
laboriosam_deserunt_molestiae@Youopia.gov,2,1436370538621775510,8,8082.04
5Alexander@Fanoodle.edu,2,1420857877293790841,4,2173.57
DianaCook@Youspan.biz,1,1401753010399050911,7,6945.97
MarieHarris@Cogibox.mil,1,1428356716836142547,9,5423.19
et@Buzzbean.biz,1,1413729550814944949,0,0.00
architecto_minus_in@Zoomcast.info,2,1463613536602385883,5,5116.93
ex@Vinte.info,1,1435986458088197164,2,1879.98
hKennedy@Oyoloo.info,1,1433982540915226268,1,449.07
DonaldMatthews@Skidoo.org,2,1404770218608207084,7,4518.76
culpa_magni@Tazzy.edu,1,1408644839990474826,6,3959.77
recusandae@Zoovu.info,2,1465288681932518471,18,22903.08
WillieJordan@Topicblab.info,1,1430811152075716057,7,3299.54
nostrum@Realbuzz.mil,2,1465005702258128640,6,3539.40
non_quia_voluptas@Browseblab.biz,1,1416498229306303622,4,3922.22
PhilipCarter@Pixoboo.org,2,1422628492395953578,8,6640.53
vSanders@Bubbletube.info,2,1442967870237517182,8,5529.68
velit_eum_ratione@Gabvine.org,1,1413937726461411374,2,2245.83
rWells@Wikizz.gov,2,1452215412009892567,9,7559.78
MarkKnight@Teklist.info,1,1437712502163480694,9,4031.38
DebraSanders@Flashpoint.org,2,1417938192691389443,3,2100.96
iGutierrez@Shufflester.com,1,1414812333042505480,6,1303.05
oBowman@Demizz.info,1,1437950676790277837,1,527.32
BrianLynch@Kwinu.gov,1,1451241142379291590,1,702.54
kSmith@Thoughtmix.org,1,1469383898365119903,1,487.34
wReid@Mycat.org,1,1470228534758862002,5,3985.10
oMorrison@Skimia.info,2,1452448412294320958,6,4394.05
GarySullivan@Riffpedia.org,1,1418537530605846955,3,2053.14
